Sex,mean initial response
M,2.607407407
F,2.583333333